job_level,skill,skill_mentions,posting_count
mid senior,paid volunteer days,67,67
associate,healthcare sales,61,61
mid senior,mes,449,443
associate,alphanumeric data entry,2,2
associate,daily site activities,3,3
associate,highend corporate concierge,1,1
associate,project engineering data,1,1
associate,property,34,32
associate,staff training,194,192
mid senior,accounts payable,3933,3909
mid senior,christian values,63,63
mid senior,infraworks,49,49
mid senior,inverter manufacturer,3,3
mid senior,microservices,3172,3122
mid senior,microsoft office 365,1227,1220
mid senior,project analysis,124,124
mid senior,resilience,4817,4769
mid senior,safety policy,93,93
mid senior,stakeholder alignment,97,95
mid senior,truth and reconciliation commissions (trc) 94 calls to action,5,5
mid senior,uml,381,376
mid senior,v medications,3,3
mid senior,workplace health & safety knowledge,1,1
mid senior,mining and processing plant,1,1
mid senior,interpretation skills,92,92
associate,flexible work schedule,554,554
associate,hvac,1280,1267
associate,life science degree,6,6
mid senior,accomodation,2,2
mid senior,bls certificate,302,301
mid senior,building process management,3,3
mid senior,clean driver's abstract,69,68
mid senior,construction delivery execution,1,1
mid senior,construction skills,73,73
mid senior,customer service strategy,7,7
mid senior,diploma in business,8,8
mid senior,experience with at least two data architectures,1,1
mid senior,formal physician leadership training,3,3
mid senior,google meet,319,317
mid senior,hr forklift licence,5,5
mid senior,invoice preparation,71,71
mid senior,mental health act and relevant legislation knowledge,1,1
mid senior,palo alto,285,283
mid senior,post secondary or aviation flight college diploma,1,1
mid senior,program,76,73
mid senior,project financials,163,162
mid senior,pump station design,61,61
mid senior,synthetic products,1,1
mid senior,systems applications and products,4,4
mid senior,tpn/central line management,6,6
